"CustomerID","Name","Mobile","Email","LoginByUsing","Gender","DOB","Anniversary","Preferences","CreatedDate","ModifiedDate"
"9","Riya Varkey","7357735712","riyavarkey@yahoo.com","Facebook_Account","Corporate","2001-06-23","2024-06-23","{""FoodPreference"": ""Vegan"", ""CuisineTypes"": [""Continental"", ""Mediterranean""]}","2022-02-23T13:01:03.186709","2024-09-16T13:01:03.186711"
"10","Devansh Kalla","7500377785","devanshkalla@gmail.com","GMail_Account","Corporate","2004-12-16","2027-12-16","{""FoodPreference"": ""Non-Veg"", ""CuisineTypes"": [""Indian""]}","2022-09-03T13:01:03.186734","2024-10-25T13:01:03.186735"
"2","Dishani Tella","8797338175","dishanitella@gmail.com","GMail_Account","Male","1999-06-09","2022-06-09","{""FoodPreference"": ""Veg"", ""CuisineTypes"": [""Mediterranean"", ""Mexican"", ""Continental""]}","2021-11-18T13:01:03.186536","2024-07-04T13:01:03.186538","2024-11-03T13:01:03.186596"
"3","Mamooty Rajagopalan","7855092020","mamootyrajagopalan@hotmail.com","Facebook_Account","Other","1995-10-20","2018-10-20","{""FoodPreference"": ""Vegan"", ""CuisineTypes"": [""Italian"", ""Chinese"", ""Thai""]}","2022-04-11T13:01:03.186570","2024-05-29T13:01:03.186572","2024-11-03T13:01:03.186596"
"4","Yuvaan Vala","8431003597","yuvaanvala@outlook.com","Other_EMail","Male","2003-09-16","2026-09-16","{""FoodPreference"": ""Non-Veg"", ""CuisineTypes"": [""Mediterranean"", ""Italian""]}","2022-01-03T13:01:03.186595","2024-07-03T13:01:03.186596","2024-11-03T13:01:03.186596"