LocationID,City,State,ZipCode,ActiveFlag,CreatedDate,ModifiedDate
2,Mumbai,Maharashtra,400001,Yes,2024-11-02 22:06:18,2024-11-05 22:06:18
3,Agra,Uttar Pradesh,282001,Yes,2024-11-02 22:06:18,2024-11-05 22:06:18
4,Ahmedabad,Gujarat,380001,Yes,2024-11-02 22:06:18,2024-11-05 22:06:18
5,Ajmer,Rajasthan,305001,Yes,2024-11-02 22:06:18,2024-11-05 22:06:18
8,Amravati,Maharashtra,444601,Yes,2024-11-02 22:06:18
9,Amritsar,Punjab,143001,Yes,2024-11-02 22:06:18
10,Aurangabad,Maharashtra,431001,Yes,2024-11-02 22:06:18
