CUSTOMER_ADDRESS_HK,ADDRESS_ID,CUSTOMER_ID_FK,FLAT_NO,HOUSE_NO,FLOOR,BUILDING,LANDMARK,LOCALITY,CITY,STATE,PINCODE,COORDINATES,PRIMARY_FLAG,ADDRESS_TYPE,EFF_START_DATE,EFF_END_DATE,IS_CURRENT
-1924914756523691642,1,1,47,93,9,Mohan Residency,Near Lotus Temple,Saket,New Delhi,110085,Delhi,"79.0289505,100.112924",Yes,Other,2026-02-08 05:39:37.984 -0800,,true
-867359626161150255,2,2,3,94,3,Parliament View Apartments,Near Qutub Minar,Moti Bagh,New Delhi,110060,Delhi,"-26.2241145,175.294051",Yes,Other,2026-02-08 05:39:37.984 -0800,,true
5361067895645981392,3,3,13,92,9,Raj Mahal,Beside Jantar Mantar,South Extension,New Delhi,110099,Delhi,"70.686411,-134.620282",Yes,Work,2026-02-08 05:39:37.984 -0800,,true
-6188616727217398083,4,4,11,40,10,Golden Heights,Next to Dilli Haat,Pitampura,New Delhi,110061,Delhi,"-88.557585,-124.539244",Yes,Home,2026-02-08 05:39:37.984 -0800,,true
3693719488099074827,5,5,83,96,5,Aakash Ganga,Close to Connaught Place,South Extension,New Delhi,110065,Delhi,"-13.726491,26.803470",No,Other,2026-02-08 05:39:37.984 -0800,,true
