CUSTOMER_HK,CUSTOMER_ID,NAME,MOBILE,EMAIL,LOGIN_BY_USING,GENDER,DOB,ANNIVERSARY,PREFERENCES,EFF_START_DATE,EFF_END_DATE,IS_CURRENT
-7796529068587972440,1,Urvi Batta,8718877329,urvibatta@hotmail.com,Other_EMail,Male,1995-11-09,2018-11-09,"{""FoodPreference"": ""Vegan"", ""CuisineTypes"": [""Continental"", ""Italian"", ""Chinese""]}",2026-02-08 05:38:54.985 -0800,,true
-798802673535267989,2,Dishani Tella,8797338175,dishanitella@gmail.com,GMail_Account,Male,1999-06-09,2022-06-09,"{""FoodPreference"": ""Non-Veg"", ""CuisineTypes"": [""Mediterranean"", ""Mexican"", ""Continental""]}",2026-02-08 05:38:54.985 -0800,,true
858990257351659251,3,Mamooty Rajagopalan,7855092020,mamootyrajagopalan@hotmail.com,Facebook_Account,Other,1995-10-20,2018-10-20,"{""FoodPreference"": ""Veg"", ""CuisineTypes"": [""Italian"", ""Chinese"", ""Thai""]}",2026-02-08 05:38:54.985 -0800,,true
-7551509181856051882,4,Yuvaan Vala,8431003597,yuvaanvala@outlook.com,Other_EMail,Male,2003-09-16,2026-09-16,"{""FoodPreference"": ""Vegan"", ""CuisineTypes"": [""Mediterranean"", ""Italian""]}",2026-02-08 05:38:54.985 -0800,,true
2886205132532239624,5,Heer Goswami,7426587125,heergoswami@gmail.com,GMail_Account,Corporate,2000-06-15,2023-06-15,"{""FoodPreference"": ""Vegan"", ""CuisineTypes"": [""Indian"", ""Thai""]}",2026-02-08 05:38:54.985 -0800,,true
