RESTAURANT_LOCATION_HK,LOCATION_ID,CITY,STATE,STATE_CODE,IS_UNION_TERRITORY,CAPITAL_CITY_FLAG,CITY_TIER,ZIP_CODE,ACTIVE_FLAG,EFF_START_DT,EFF_END_DT,CURRENT_FLAG
-2644412324508469456,1,Delhi,New Delhi,DL,true,true,Tier-1,110001,Yes,2026-02-08 05:26:24.390 -0800,,true
6359977458357342325,2,Mumbai,Maharashtra,MH,false,true,Tier-1,400001,No,2026-02-08 05:26:24.390 -0800,,true
-6603921493060110644,3,Agra,Uttar Pradesh,UP,false,false,Tier-2,282001,No,2026-02-08 05:26:24.390 -0800,,true
-4476008538110585249,4,Ahmedabad,Gujarat,GJ,false,false,Tier-1,380001,No,2026-02-08 05:26:24.390 -0800,,true
-1984707700607354476,5,Ajmer,Rajasthan,RJ,false,false,Tier-3,305001,No,2026-02-08 05:26:24.390 -0800,,true
