MENU_DIM_HK,MENU_ID,RESTAURANT_ID_FK,ITEM_NAME,DESCRIPTION,PRICE,CATEGORY,AVAILABILITY,ITEM_TYPE,EFF_START_DATE,EFF_END_DATE,IS_CURRENT
6624137004104007493,1,1,Dal Makhani,Slow-cooked black lentils with butter and cream.,156.00,North Indian,true,Vegan,2026-02-08 05:40:36.806,,true
1698969130459408284,2,1,Paneer Tikka,Marinated paneer grilled with spices and served with mint chutney.,154.00,North Indian,true,Vegan,2026-02-08 05:40:36.806,,true
1093380350994763737,3,2,Uttapam,Thick rice pancake topped with tomatoes and onions.,115.00,South Indian,true,Veg,2026-02-08 05:40:36.806,,true
-5020185777253585008,4,2,Lassi,"Yogurt-based drink, sweet or salty.",190.00,Beverages,true,Non-Veg,2026-02-08 05:40:36.806,,true
-7723725744689676659,5,2,Coconut Water,Fresh coconut water served chilled.,153.00,Beverages,true,Vegan,2026-02-08 05:40:36.806,,true
6372062691445670594,6,2,Cold Coffee,Iced coffee blended with milk and sugar.,113.00,Cafe,true,Veg,2026-02-08 05:40:36.806,,true
435816978243007414,7,2,Fresh Lime Soda,Refreshing soda with lime juice and mint.,220.00,Beverages,true,Veg,2026-02-08 05:40:36.806,,true
485473001147930635,8,3,Dal Makhani,Slow-cooked black lentils with butter and cream.,213.00,North Indian,true,Gluten-Free,2026-02-08 05:40:36.806,,true
-370354994261515466,9,4,Spaghetti Carbonara,"Pasta with egg, cheese, pancetta, and pepper.",480.00,Italian,true,Vegan,2026-02-08 05:40:36.806,,true
6630724310759953783,10,5,Tiramisu,Coffee-flavored Italian dessert.,418.00,Italian,true,Non-Veg,2026-02-08 05:40:36.806,,true
7799475595120890250,11,5,Tiramisu,Coffee-flavored Italian dessert.,482.00,Italian,true,Gluten-Free,2026-02-08 05:40:36.806,,true
-8999890401627535246,12,5,Stroganoff,Tender cooked in a creamy sauce.,561.00,Continental,true,Non-Veg,2026-02-08 05:40:36.806,,true
