RESTAURANT_HK,RESTAURANT_ID,NAME,CUISINE_TYPE,PRICING_FOR_TWO,RESTAURANT_PHONE,OPERATING_HOURS,LOCATION_ID_FK,ACTIVE_FLAG,OPEN_STATUS,LOCALITY,RESTAURANT_ADDRESS,LATITUDE,LONGITUDE,EFF_START_DATE,EFF_END_DATE,IS_CURRENT
477272417037033869,1,Rustom's,"Parsi, Street Food, North Indian, Desserts, Beverages",2100.00,9069050000,8:00 AM - 16:00 PM,1,Yes,Open,"ITO, New Delhi","Delhi Parsi Anjuman, LNJP Colony, Bahadur Shah Zafar Road, Near Maulana Azad Medical College Campus, ITO, New Delhi",28.638167,77.240472,2026-02-08 05:31:45.036 -0800,,true
-2013088988954348143,2,Cafe Lota,"Cafe, South Indian, North Indian, Beverages",1200.00,8320181288,10:00 AM - 18:00 PM,1,Yes,Open,"Pragati Maidan, New Delhi","National Crafts Museum, Gate 2, Bhairon Marg, Pragati Maidan, New Delhi",28.613429,77.242471,2026-02-08 05:31:45.036 -0800,,true
3578529349536036444,3,Dum-Pukht - ITC Maurya,"Mughlai, North Indian, Desserts",5000.00,6192814393,9:00 AM - 17:00 PM,1,Yes,Open,"ITC Maurya, Chanakyapuri, New Delhi","ITC Maurya, Chanakyapuri, New Delhi",28.598200,77.173661,2026-02-08 05:31:45.036 -0800,,true
4072915337364790519,4,Burma Burma,"Asian, Burmese, Bubble Tea, Desserts, Salad",1600.00,9145897039,11:00 AM - 19:00 PM,1,Yes,Open,"Cyber Hub, DLF Cyber City, Gurgaon","Shop 6, Ground Floor, Building 8, Tower C, Cyber Hub, DLF Cyber City, Gurgaon",28.494464,77.088532,2026-02-08 05:31:45.036 -0800,,true
6729877765609504332,5,The Big Chill,"Continental, American, Italian",1500.00,6799831287,9:00 AM - 17:00 PM,1,Yes,Open,"Khan Market, New Delhi","68-A, Khan Market, New Delhi",28.600350,77.227493,2026-02-08 05:31:45.036 -0800,,true
